PG.ID,site,level,C14mean,C14sdev,C14.COV,lab.num,material,calib.curve,calBPmedian,group,region,notes
,Aguila,conchero,7705,50,0.00648929266709929,UBAR-794,shell,marine20,8162,Asturian,Cantabria,
,Allorú,conchero,8360,70,0.00837320574162679,UBAR-781,shell,marine20,8922,Asturian,Cantabria,
,Andrín,conchero,9736,1077,0.110620377978636,AND-1,AAR date,normal,9736,Mesolithic,Cantabria,
,Arangas,3,8195,60,0.0073215375228798,OxA-7149,bone,intcal20,9190,Mesolithic,Cantabria,
,Arangas,3,8300,50,0.00602409638554217,OxA-6887,charcoal,intcal20,9258,Mesolithic,Cantabria,
,Arangas,4,8280,55,0.00664251207729469,OxA-6888,charcoal,intcal20,9251,Mesolithic,Cantabria,
,Arangas,2B,8025,80,0.00996884735202492,OxA-7160,bone,intcal20,8922,Mesolithic,Cantabria,
,Arangas,E2,7150,470,0.0657342657342657,UBAR-465,charcoal,intcal20,8017,Mesolithic,Cantabria,
88,Arenillas,Conchero,6075,30,0.00493827160493827,UBAR-775,shell,marine20,,Mesolithic,Cantabria,
,Arenillas,conchero,6455,60,0.00929512006196747,UBAR-775,shell,marine20,6945,Mesolithic,Cantabria,
89,Arenillas,NA,5580,80,0.014336917562724,GrN-19596,charcoal,intcal20,,Mesolithic,Cantabria,
1847,Azules,3d,9540,120,0.0125786163522013,CSI-C-260,charcoal,intcal20,,Mesolithic,Cantabria,
1848,Azules,3d,9430,120,0.0127253446447508,CSI-C-216,charcoal,intcal20,,Mesolithic,Cantabria,
139,Barcenilla,V,7020,30,0.00427350427350427,Poz-18849,charcoal,intcal20,,Mesolithic,Cantabria,
140,Barcenilla,V,6380,40,0.00626959247648903,Poz-18850,charcoal,intcal20,,Mesolithic,Cantabria,
,Barra,conchero,6979,1539,0.220518698954005,BAR-2,AAR date,normal,6979,Mesolithic,Cantabria,
,Barra,conchero,7121,964,0.135374245190282,BAR-1,AAR date,normal,7121,Mesolithic,Cantabria,
,Berroberría,B,8580,80,0.00932400932400932,GrN-18423,bone,intcal20,9644,Mesolithic,Cantabria,
,Berroberría,B,8800,80,0.00909090909090909,GrN-18422,bone,intcal20,9880,Mesolithic,Cantabria,
,Berroberría,B base,8470,80,0.00944510035419126,GrN-16619,bone,intcal20,9414,Mesolithic,Cantabria,
,Berroberría,C,8510,90,0.0105757931844888,GrN-16618,bone,intcal20,9502,Mesolithic,Cantabria,
,Berroberría,C,8630,70,0.00811123986095017,GrN-18426,bone,intcal20,9742,Mesolithic,Cantabria,
,Berroberría,C,8860,100,0.0112866817155756,GrN-18425,bone,intcal20,9913,Mesolithic,Cantabria,
,Braña,Homo burial 1,7030,50,0.00711237553342817,NA,NA,intcal20,7844,Mesolithic,Cantabria,
,Braña,Homo burial 2,6980,50,0.00716332378223496,NA,NA,intcal20,7810,Mesolithic,Cantabria,
,Bricia,A,7095,481,0.0677942212825934,BRI-2,AAR date,normal,7095,Asturian,Cantabria,
,Bricia,conchero,6800,160,0.0235294117647059,GaK-2908,charcoal,intcal20,7672,Asturian,Cantabria,
,Bricia,conchero,8862,1403,0.158316407131573,BRI-1,AAR date,normal,8862,Asturian,Cantabria,
,Cabrera,conchero,9795,1494,0.152526799387443,LCB-2,AAR date,normal,9795,Mesolithic,Cantabria,
34,Calvera,1,8640,50,0.00578703703703704,PO-5,charcoal,intcal20,,Mesolithic,Cantabria,
35,Calvera,2,8950,50,0.00558659217877095,PO-4,charcoal,intcal20,,Mesolithic,Cantabria,
,Calvera,2,8640,50,0.00578703703703704,NA,NA,intcal20,9691,Mesolithic,Cantabria,
,Calvera,3,9620,60,0.00623700623700624,GrA-6994,charcoal,intcal20,10940,Mesolithic,Cantabria,
,Cámara,conchero,7878,2485,0.315435389692815,CAM-1,AAR date,normal,7878,Mesolithic,Cantabria,
271,Campa,Roca madre,9290,50,0.00538213132400431,PO-3,charcoal,intcal20,,Mesolithic,Cantabria,
,Canes,69.5408163265306,6815,65,0.00953778429933969,AA-5296,human bone,intcal20,7690,Mesolithic,Cantabria,
,Canes,6-I,6160,55,0.00892857142857143,OxA-7148,human bone,intcal20,7030,Mesolithic,Cantabria,
,Canes,6-I (F),6265,75,0.0119712689545092,AA-5294,human bone,intcal20,7130,Mesolithic,Cantabria,
694,Canes,6-II,6860,65,0.00947521865889213,AA-5295,human bone,intcal20,,Mesolithic,Cantabria,
695,Canes,6-II,6770,65,0.00960118168389956,AA-5296,human bone,intcal20,,Mesolithic,Cantabria,
,Canes,6-II,7025,80,0.0113879003558719,AA-11744,human bone,intcal20,7876,Mesolithic,Cantabria,
,Canes,6-III (K),6930,95,0.0137085137085137,AA-6071,human bone,intcal20,7760,Mesolithic,Cantabria,
698,Canes,NA,5865,70,0.0119352088661552,AA-5788,charcoal,intcal20,,Mesolithic,Cantabria,
1787,Carabión,1,5440,40,0.00735294117647059,Poz-30592,bone,intcal20,,Neolithic,Cantabria,
1816,Carabión,1,5750,40,0.00695652173913043,Poz-18372,charcoal,intcal20,,Mesolithic,Cantabria,
1817,Carabión,1,7800,50,0.00641025641025641,Poz-32691,bone,intcal20,,Mesolithic,Cantabria,
1818,Carabión,1,10310,60,0.005819592628516,Poz-30594,bone,intcal20,,Mesolithic,Cantabria,
,Carmona,conchero,9885,1094,0.110672736469398,CAR-1,AAR date,normal,9885,Mesolithic,Cantabria,
,Ceñil,conchero,8921,1105,0.123865037551844,CŜâL-1,AAR date,normal,8921,Mesolithic,Cantabria,
,Chora,conchero interior,6360,80,0.0125786163522013,GrN-20961,charcoal,intcal20,7242,Mesolithic,Cantabria,
,Coberizas,1b,7100,70,0.00985915492957747,GaK-2907,charcoal,intcal20,7926,Asturian,Cantabria,
,Coberizas,conchero,7100,170,0.023943661971831,NA,charcoal,intcal20,7930,Asturian,Cantabria,
,Coberizas,"conchero, corte B",6799,573,0.0842770995734667,COB-1,AAR date,normal,6799,Asturian,Cantabria,
442,Cofresnedo,Conchero,6865,45,0.00655498907501821,GrA-20146,bone,intcal20,,Mesolithic,Cantabria,
,Cofresnedo,VO,7680,50,0.00651041666666667,GrA-20146,bone,intcal20,8488,Mesolithic,Cantabria,
,Collamosa,conchero,7638,726,0.0950510604870385,COL-1,AAR date,normal,7638,Asturian,Cantabria,
444,Colomba,NA,7090,60,0.00846262341325811,TO-10223,human bone,intcal20,,Mesolithic,Cantabria,
,Columba,conchero,7020,90,0.0128205128205128,UBAR-833,charcoal,intcal20,7874,Asturian,Cantabria,
,Columba,conchero,7090,60,0.00846262341325811,TO-10233,bone,intcal20,7923,Asturian,Cantabria,
,Columba,conchero,7450,120,0.0161073825503356,UBAR-795,shell,marine20,7930,Asturian,Cantabria,
,Columba,conchero,7550,140,0.0185430463576159,UBAR-782,shell,marine20,8023,Asturian,Cantabria,
1839,Corvas,"Hogar, roca madre",4973,37,0.00744017695556002,DSH-5056,charcoal,intcal20,,Neolithic,Cantabria,
1840,Corvas,"Hogar, roca madre",4447,39,0.00876995727456712,DSH-5057,charcoal,intcal20,,Neolithic,Cantabria,
1838,Corvas,NA,4770,31,0.00649895178197065,DSH-3620,charcoal,intcal20,,Neolithic,Cantabria,
,Cosfresnedo,conchero,6865,45,0.00655498907501821,NA,NA,intcal20,7733,Mesolithic,Cantabria,
,Covajorno,conchero,7440,955,0.128360215053763,COV-1,AAR date,normal,7440,Mesolithic,Cantabria,
,Covajorno,conchero,7540,100,0.013262599469496,UBAR-773,shell,marine20,8005,Asturian,Cantabria,
,Covajorno,conchero,7580,60,0.0079155672823219,UBAR-774,shell,marine20,8058,Asturian,Cantabria,
,Cubio Redondo,conchero,6630,50,0.00754147812971342,Beta-10650,bone,intcal20,7534,Mesolithic,Cantabria,
657,Cubio Redondo,NA,5780,50,0.00865051903114187,Beta-106049,charcoal,intcal20,,Mesolithic,Cantabria,
,Cueto Molino,conchero,7552,1178,0.155985169491525,CML-1,AAR date,normal,7552,Mesolithic,Cantabria,
,Cuetu la Hoz,conchero,7690,130,0.0169050715214564,UBAR-792,shell,marine20,8138,Asturian,Cantabria,
,Cuetu la Hoz,conchero,9101,1141,0.12537083836941,CLZ-1,AAR date,normal,9101,Mesolithic,Cantabria,
699,Cueva de los Canes,NA,5980,80,0.0133779264214047,TO-11219,human bone,intcal20,,Mesolithic,Cantabria,
,Cueva dMar,conchero aislado,7860,60,0.00763358778625954,AA-45572,charcoal,intcal20,8712,Mesolithic,Cantabria,
,Cueva dMar,conchero base,7225,45,0.00622837370242215,AA-45575,charcoal,intcal20,8050,Asturian,Cantabria,
,Cueva dMar,conchero medio,7015,40,0.00570206699928724,AA-45573,charcoal,intcal20,7828,Asturian,Cantabria,
,Cueva dMar,conchero superior,6725,50,0.00743494423791822,AA-45576,charcoal,intcal20,7582,Asturian,Cantabria,
785,Cueva dMar,Medio,6825,41,0.00600732600732601,AA-45573,charcoal,intcal20,,Mesolithic,Cantabria,
787,Cueva dMar,NA,7013,42,0.00598887779837445,AA-45572,charcoal,intcal20,,Mesolithic,Cantabria,
794,Cueva dPortillo dArenal,NA,5743,111,0.0193278774159847,AA-20043,bone,intcal20,,Neolithic,Cantabria,
1786,Cueva dPortillo dArenal,NA,4560,35,0.00767543859649123,Poz-39141,human bone,intcal20,,Neolithic,Cantabria,
1788,Cueva dPortillo dArenal,NA,4443,104,0.0234076074724285,AA-20044,bone,intcal20,,Neolithic,Cantabria,
1815,Cueva dPortillo dArenal,NA,9950,50,0.0050251256281407,Poz-39140,bone,intcal20,,Epipaleolítico,Cantabria,
1844,Cueva Morín,1.3,9000,150,0.0166666666666667,I-5150,charcoal,intcal20,,Mesolithic,Cantabria,
1842,Cueva Oscura,NA,9440,90,0.00953389830508475,CSI-C--362,charcoal,intcal20,,Mesolithic,Cantabria,
1864,Cueva Oscura,NA,9280,230,0.0247844827586207,Ly-2938,n.d,intcal20,,Mesolithic,Cantabria,
,Espertín,2,7790,120,0.0154043645699615,Gif-10053,NA,intcal20,8657,Mesolithic,Cantabria,
,Fragua,A4/1inferior,7530,75,0.0099601593625498,GrN-20965,charcoal,intcal20,8310,Mesolithic,Cantabria,
,Fragua,A4/1medio,6860,60,0.0087463556851312,GrN-20964,charcoal,intcal20,7732,Mesolithic,Cantabria,
,Fragua,A4/1superior,6650,120,0.0180451127819549,GrN-20963,charcoal,intcal20,7549,Mesolithic,Cantabria,
1841,Fragua,I bajo,9600,140,0.0145833333333333,GrN-20966,charcoal,intcal20,,Mesolithic,Cantabria,
,Garma A,estrato 1,8448,1987,0.235203598484848,MAD-646,carbonate,intcal20,9943,Mesolithic,Cantabria,
,Garma A,estrato 1,9165,1088,0.118712493180578,MAD-436,carbonate,intcal20,10527,Mesolithic,Cantabria,
,Garma A,estrato 2,6870,50,0.00727802037845706,OxA-7150,bone,intcal20,7744,Mesolithic,Cantabria,
,Garma A,estrato 2,6920,50,0.00722543352601156,OxA-6889,bone,intcal20,7766,Mesolithic,Cantabria,
,Garma A,estrato 2,7685,65,0.00845803513337671,OxA-7284,bone,intcal20,8504,Mesolithic,Cantabria,
,Garma A,estrato 2,7710,90,0.0116731517509728,OxA-7495,bone,intcal20,8590,Mesolithic,Cantabria,
,Garma A,estrato 2,8165,65,0.00796080832823025,UBAR-656,shell,marine20,8688,Mesolithic,Cantabria,
,Garma A,estrato 2,8175,65,0.00795107033639144,UBAR-657,NA,intcal20,9115,Mesolithic,Cantabria,
,Garma A,estrato 2,8295,65,0.00783604581072936,UBAR-655,shell,marine20,8832,Mesolithic,Cantabria,
,Garma B,NA,7165,65,0.00907187718073971,OxA-7300,human bone,intcal20,7965,Mesolithic,Cantabria,
1235,Gitanos,A3,5945,55,0.00925147182506308,AA-29113,bone,intcal20,,Neolithic,Cantabria,
1236,Gitanos,A3,5150,100,0.0194174757281553,UBAR-521,charcoal,intcal20,,Neolithic,Cantabria,
1237,Gitanos,A4,5490,200,0.0364298724954463,UBAR-693,charcoal,intcal20,,Neolithic,Cantabria,
,Horadada,conchero,7929,424,0.0534745869592635,HOR-1,AAR date,normal,7929,Mesolithic,Cantabria,
,Ilso de Hayas,sondeo IH-3,8440,130,0.0154028436018957,GrN-21231,charcoal,intcal20,9512,Mesolithic,Cantabria,
,Kobeaga II,Amek-h,7690,270,0.035110533159948,GrN-27480,charcoal,intcal20,8601,Mesolithic,Cantabria,
1834,l’Hortal,NA,4518,53,0.0117308543603364,DSH-3618,charcoal,intcal20,,Neolithic,Cantabria,
1835,l’Hortal,NA,4350,29,0.00666666666666667,DSH-3619,charcoal,intcal20,,Neolithic,Cantabria,
,Llamorey,conchero,8329,947,0.113699123544243,LMY-1,AAR date,normal,8329,Mesolithic,Cantabria,
,Marizulo,IV,6820,50,0.00733137829912024,I-16190,bone,intcal20,7683,Mesolithic,Cantabria,
,Mary,conchero,8572,1030,0.120158656089594,MRY-1,AAR date,normal,8572,Mesolithic,Cantabria,
,Mazaculos,1.1,7280,220,0.0302197802197802,GaK-8162,charcoal,intcal20,8212,Asturian,Cantabria,
,Mazaculos,3.3,9290,440,0.0473627556512379,GaK-6884,charcoal,intcal20,10772,Asturian,Cantabria,
1856,Mazaculos,A2,5050,120,0.0237623762376238,GaK-15221,charcoal,intcal20,,Neolithic,Cantabria,
,Mazaculos,A3,7030,120,0.0170697012802276,GaK-15222,charcoal,intcal20,7906,Asturian,Cantabria,
,Mazo,"inner, SU-105",7640,30,0.00392670157068063,UGAM-S5408,charcoal,intcal20,8455,Asturian,Cantabria,
,Mazo,"outer, SU-3",6790,30,0.00441826215022091,UGAM-S5407,NA,intcal20,7641,Asturian,Cantabria,
,Mirón,10.1,8380,175,0.0208830548926014,GX-24463,charcoal,intcal20,9385,Mesolithic,Cantabria,
,Mirón,10.1,8700,40,0.00459770114942529,GX-25852,charcoal,intcal20,9722,Mesolithic,Cantabria,
,Mirón,10.1,9550,50,0.00523560209424084,GX-24464,charcoal,intcal20,10884,Mesolithic,Cantabria,
904,Mirón,Cabin 9,5170,170,0.0328820116054159,GX-22128,charcoal,intcal20,,Neolithic,Cantabria,
898,Mirón,NA,5690,50,0.00878734622144113,GX-23413,charcoal,intcal20,,Neolithic,Cantabria,
899,Mirón,NA,5570,50,0.00897666068222621,GX-23414,charcoal,intcal20,,Neolithic,Cantabria,
900,Mirón,NA,5500,90,0.0163636363636364,GX-25854,charcoal,intcal20,,Neolithic,Cantabria,
901,Mirón,NA,5520,70,0.0126811594202899,GX-25855,charcoal,intcal20,,Neolithic,Cantabria,
902,Mirón,NA,5790,90,0.0155440414507772,GX-25856,charcoal,intcal20,,Neolithic,Cantabria,
903,Mirón,NA,5550,40,0.00720720720720721,GX-309010,seed,intcal20,,Neolithic,Cantabria,
907,Mirón,Trench 98 a,4910,80,0.0162932790224033,GX-28211,charcoal,intcal20,,Neolithic,Cantabria,
,Molino,conchero,6611,1093,0.165330509756466,MOL-1,AAR date,normal,6611,Mesolithic,Cantabria,
1391,Paré de Nogales,NA,7365,36,0.00488798370672098,OxA-X2399926,human bone,intcal20,,Mesolithic,Cantabria,
1425,Peña Oviedo,Nivel 1,4820,50,0.0103734439834025,GrN-19048,charcoal,intcal20,,Neolithic,Cantabria,
1426,Peña Oviedo,Nivel 5,5195,25,0.00481231953801732,GrN-18782,charcoal,intcal20,,Neolithic,Cantabria,
,Pendueles,conchero,7080,80,0.0112994350282486,UBAR-793,shell,marine20,7573,Asturian,Cantabria,
,Penicial,conchero,7972,885,0.111013547415956,PEN-1,AAR date,normal,7972,Asturian,Cantabria,
,Penicial,conchero,8650,185,0.0213872832369942,GaK-2906,charcoal,intcal20,9730,Asturian,Cantabria,
1843,Perro,1.3,9260,110,0.0118790496760259,GrN-18115,charcoal,intcal20,,Mesolithic,Cantabria,
,Perro,1.3,9260,110,0.0118790496760259,GrN-18116,charcoal,intcal20,10551,Mesolithic,Cantabria,
,Poza l'Egua,2,8550,80,0.00935672514619883,TO-10222,bone,intcal20,9588,Asturian,Cantabria,
,Quintana,conchero,7063,1858,0.263061022228515,QUT-1,AAR date,normal,7063,Mesolithic,Cantabria,
,Riera,28,9230,90,0.00975081256771398,Q-2933,shell,marine20,9974,Asturian,Cantabria,
1846,Riera,29 lower,6500,200,0.0307692307692308,GaK--3046,charcoal,intcal20,,Mesolithic,Cantabria,
,Riera,29 lower,8650,300,0.0346820809248555,GaK-2909,charcoal,intcal20,9734,Asturian,Cantabria,
,Riera,conchero,7516,588,0.0782331027142097,RIE-1,AAR date,normal,7516,Asturian,Cantabria,
1836,Sienra,sobre la roca madre,4091,28,0.00684429234905891,DSH-2224,charcoal,intcal20,,Neolithic,Cantabria,
1837,Sienra,sobre la roca madre,1238,30,0.024232633279483,DSH-2223,charcoal,intcal20,,Neolithic,Cantabria,
,Sierra Plana,1C,7550,190,0.0251655629139073,UGRA-209,charcoal,intcal20,8423,Asturian,Cantabria,
1579,Sierra Plana,NA,5230,50,0.00956022944550669,OxA-6914,charcoal,intcal20,,Neolithic,Cantabria,
,Sierra Plana,paleoSolutrean,6830,55,0.00805270863836018,OxA-6916,charcoal,intcal20,7700,Mesolithic,Cantabria,
,Sonrasa,conchero,7263,82,0.0112901005094314,SON-1,NA,intcal20,8088,Mesolithic,Cantabria,
,TarrerÇün,III,5780,120,0.0207612456747405,I-4030,charcoal,intcal20,6674,Mesolithic,Cantabria,
,Tito Bustillo,enterramiento,8470,50,0.00590318772136954,Beta-197042,tooth,intcal20,9420,Mesolithic,Cantabria,
,Toral,21,7080,30,0.00423728813559322,NA,NA,intcal20,7900,Asturian,Cantabria,
,Toral,13A,7000,40,0.00571428571428571,NA,NA,intcal20,7822,Asturian,Cantabria,
921,Toral III,Zona B M9,7080,30,0.00423728813559322,UGAM-S5400,human bone,intcal20,,Mesolithic,Cantabria,
922,Toral III,Zona B M9,6750,30,0.00444444444444444,UGAM-S5401,charcoal,intcal20,,Mesolithic,Cantabria,
923,Toral III,Zona B M9,6810,30,0.00440528634361234,UGAM-S5402,charcoal,intcal20,,Mesolithic,Cantabria,
924,Toral III,Zona B O8,6430,30,0.0046656298600311,UGAM-S5403,charcoal,intcal20,,Mesolithic,Cantabria,
,Toralete,conchero,7060,80,0.0113314447592068,UBAR-777,shell,marine20,7555,Asturian,Cantabria,
,Toralete,conchero,7680,50,0.00651041666666667,UBAR-776,shell,marine20,8144,Asturian,Cantabria,
,Toralete,conchero,7890,80,0.0101394169835234,UBAR-780,shell,marine20,8335,Asturian,Cantabria,
1589,Torca l'Arroyu,TA-3A,4930,70,0.0141987829614604,UBAR-803,bone,intcal20,,Neolithic,Cantabria,
1858,Trecha,NA,5430,70,0.0128913443830571,URU-0050,charcoal,intcal20,,Mesolithic,Cantabria,
1859,Trecha,NA,5600,610,0.108928571428571,URU-0051,charcoal,intcal20,,Mesolithic,Cantabria,
,Trecha,zona 2 - conchero,6240,100,0.016025641025641,URU-0039,shell,marine20,6716,Mesolithic,Cantabria,
,Trecha,zona 4/CC6/1,7500,70,0.00933333333333333,URU-0038,shell,marine20,7948,Mesolithic,Cantabria,
,Truchiro Garma,conchero,6470,70,0.0108191653786708,TO-10912,bone,intcal20,7374,Mesolithic,Cantabria,
3,Abauntz,b4,5390,120,0.0222634508348794,I-11309,charcoal,intcal20,,Neolithic,Ebro,
4,Abauntz,C,6910,450,0.065123010130246,I-11537,charcoal,intcal20,,Neolithic,Ebro,
1850,Abauntz,D,9530,300,0.0314795383001049,Ly-1964,charcoal,intcal20,,Mesolithic,Ebro,
1851,Abauntz,D,6600,50,0.00757575757575758,Ly-1964b,charcoal,intcal20,,Mesolithic,Ebro,
,Abauntz,Iir,5820,40,0.00687285223367698,GrN-21010,charcoal,intcal20,6618,Neolithic,Ebro,
,Aizpea,I,7160,70,0.00977653631284916,GrN-16621,NA,intcal20,7960,Mesolithic,Ebro,
,Aizpea,I,7790,70,0.00898587933247754,GrN-16620,NA,intcal20,8686,Mesolithic,Ebro,
,Aizpea,II,6600,50,0.00757575757575758,GrA-779,NA,intcal20,7472,Mesolithic,Ebro,
,Aizpea,II,6830,70,0.0102489019033675,GrN-16622,NA,intcal20,7700,Mesolithic,Ebro,
,Aizpea,NA,6370,70,0.010989010989011,BrN-18421,NA,intcal20,7250,Neolithic,Ebro,
,Aizpea,NA,8000,80,0.01,GrN-25999,NA,intcal20,8905,Mesolithic,Ebro,
,Alonso Norte,NA,6069,27,0.00444883835887296,D-AMS 018640 ,NA,intcal20,6932,Neolithic,Ebro,
,Alto de Rodilla,NA,6171,55,0.0089126559714795,CSIC-1967,NA,intcal20,7033,Neolithic,Ebro,
,Áng1,NA,5220,80,0.0153256704980843,GrA-22825,NA,intcal20,5974,Neolithic,Ebro,
,Áng1,NA,7435,45,0.00605245460659045,GrA-27274,NA,intcal20,8222,Mesolithic,Ebro,
,Áng2,NA,6390,40,0.00625978090766823,Beta-254048,NA,intcal20,7300,Mesolithic,Ebro,
,Áng2,NA,7955,45,0.00565681961030798,GrA-27278,NA,intcal20,8804,Mesolithic,Ebro,
,Áng3,NA,6610,40,0.00605143721633888,Beta-286819,NA,intcal20,7515,Mesolithic,Ebro,
,Áng3,NA,8390,60,0.00715137067938021,GrA-22826,NA,intcal20,9314,Mesolithic,Ebro,
,Áng4,NA,6990,50,0.00715307582260372,Beta-266112,NA,intcal20,7820,Mesolithic,Ebro,
,Áng5,NA,7120,50,0.00702247191011236,Beta-286820,NA,intcal20,7952,Mesolithic,Ebro,
,Áng6,NA,8310,60,0.0072202166064982,GrA-22836,NA,intcal20,9270,Mesolithic,Ebro,
,Artegieta,NA,8055,50,0.00620732464307883,GrA-28311,NA,intcal20,8944,Mesolithic,Ebro,
,Artusia,NA,7680,40,0.00520833333333333,Beta-374431,NA,intcal20,8484,Mesolithic,Ebro,
,Artusia,NA,7790,40,0.00513478818998716,Beta-374432,NA,intcal20,8592,Mesolithic,Ebro,
,Artusia,NA,8260,40,0.00484261501210654,Beta-374433,NA,intcal20,9240,Mesolithic,Ebro,
106,Atxoste,D,8840,50,0.00565610859728507,GrA-13473,bone,intcal20,,Mesolithic,Ebro,
105,Atxoste,IIIb,6220,60,0.00964630225080386,GrA-9789,bone,intcal20,,Neolithic,Ebro,
107,Atxoste,IIIb2,6710,50,0.00745156482861401,A*1,bone,intcal20,,Mesolithic,Ebro,
108,Atxoste,IIIb2,6940,40,0.00576368876080692,GrA-13415,bone,intcal20,,Mesolithic,Ebro,
,Atxoste,IIIb2,7140,50,0.00700280112044818,GrA-13468,bone,intcal20,7979,Mesolithic,Ebro,
,Atxoste,IV,7340,70,0.00953678474114441,GrA-13418,bone,intcal20,8167,Mesolithic,Ebro,
,Atxoste,IV,7480,50,0.00668449197860963,GrA-13469,bone,intcal20,8276,Mesolithic,Ebro,
99,Atxoste,NA,7830,50,0.00638569604086845,GrA-13472,bone,intcal20,,Mesolithic,Ebro,
100,Atxoste,NA,8760,50,0.00570776255707763,GrA-15699,bone,intcal20,,Mesolithic,Ebro,
,Atxoste,NA,6970,40,0.00573888091822095,GrA-13419,NA,intcal20,7810,Mesolithic,Ebro,
,Atxoste,NA,7810,40,0.00512163892445583,GrA-13447,bone,intcal20,8630,Mesolithic,Ebro,
,Atxoste,NA,8510,80,0.00940070505287897,GrA-15700,bone,intcal20,9512,Mesolithic,Ebro,
,Atxoste,V,8030,50,0.0062266500622665,GrA-13448,bone,intcal20,8868,Mesolithic,Ebro,
,Balma de Guilanyà,NA,8640,50,0.00578703703703704,Beta-210730,NA,intcal20,9691,Mesolithic,Ebro,
,Balma de Guilanyà,NA,8680,50,0.00576036866359447,Beta-185046,NA,intcal20,9732,Mesolithic,Ebro,
,Balma Margineda,NA,6410,40,0.0062402496099844,Beta-325682,NA,intcal20,7307,Neolithic,Ebro,
,Baños,NA,7350,50,0.00680272108843537,GrA-21550,NA,intcal20,8173,Mesolithic,Ebro,
,Baños,NA,7550,50,0.00662251655629139,GrA-21551,NA,intcal20,8360,Mesolithic,Ebro,
,Baños,NA,7570,100,0.0132100396301189,GrN-24300,NA,intcal20,8374,Mesolithic,Ebro,
,Baños,NA,7740,50,0.00645994832041344,GrA-21552,NA,intcal20,8551,Mesolithic,Ebro,
,Baños,NA,7840,100,0.0127551020408163,GrN-24299,NA,intcal20,8734,Mesolithic,Ebro,
,Baños,NA,8040,50,0.00621890547263682,GrA-21556,NA,intcal20,8910,Mesolithic,Ebro,
,Botiquería,NA,6040,50,0.00827814569536424,GrA-13268,NA,intcal20,6916,Neolithic,Ebro,
,Botiquería,NA,6240,50,0.00801282051282051,GrA-13270,NA,intcal20,7128,Neolithic,Ebro,
,Botiquería,NA,6830,50,0.00732064421669107,GrA-13267,NA,intcal20,7699,Mesolithic,Ebro,
,Botiquería,NA,7600,50,0.00657894736842105,GrA-13265,NA,intcal20,8392,Mesolithic,Ebro,
,Cabezo de la Cruz,NA,7150,70,0.00979020979020979,GrN-29135,NA,intcal20,7946,Mesolithic,Ebro,
,Camp Colomer,NA,5300,30,0.00566037735849057,Beta-325685,NA,intcal20,6086,Neolithic,Ebro,
,Camp Colomer,NA,5350,40,0.00747663551401869,Beta-325684,NA,intcal20,6114,Neolithic,Ebro,
,Camp Colomer,NA,5630,40,0.00710479573712256,Beta-325686,NA,intcal20,6452,Neolithic,Ebro,
,Carlos Álvarez,NA,7013,38,0.00541850848424355,KIA-27671,NA,intcal20,7826,Mesolithic,Ebro,
,Cascajos,NA,5100,60,0.0117647058823529,GrA-16204,NA,intcal20,5870,Neolithic,Ebro,
,Cascajos,NA,5100,50,0.00980392156862745,GrA-16942,NA,intcal20,5817,Neolithic,Ebro,
,Cascajos,NA,5250,50,0.00952380952380952,GrA-16208,NA,intcal20,6048,Neolithic,Ebro,
,Cascajos,NA,5300,60,0.0113207547169811,GrA-16210,NA,intcal20,6094,Neolithic,Ebro,
,Cascajos,NA,5330,60,0.0112570356472796,GrA-16211,NA,intcal20,6107,Neolithic,Ebro,
,Cascajos,NA,5450,85,0.0155963302752294,UA16203,NA,intcal20,6232,Neolithic,Ebro,
,Cascajos,NA,5640,35,0.00620567375886525,UA-1625,NA,intcal20,6438,Neolithic,Ebro,
,Cascajos,NA,5720,90,0.0157342657342657,UA-17793,NA,intcal20,6561,Neolithic,Ebro,
,Cascajos,NA,5830,60,0.0102915951972556,GrA-16209,NA,intcal20,6650,Neolithic,Ebro,
,Cascajos,NA,5945,95,0.0159798149705635,UA-24423,NA,intcal20,6822,Neolithic,Ebro,
,Cascajos,NA,6125,80,0.0130612244897959,UA-17995,NA,intcal20,6992,Neolithic,Ebro,
,Cascajos,NA,6145,45,0.00732302685109845,UA-24425,NA,intcal20,7024,Neolithic,Ebro,
,Cascajos,NA,6185,75,0.0121261115602264,UA-16024,NA,intcal20,7079,Neolithic,Ebro,
,Cascajos,NA,6230,50,0.00802568218298555,UA-24427,NA,intcal20,7109,Neolithic,Ebro,
,Cascajos,NA,6250,50,0.008,UA-24426,NA,intcal20,7166,Neolithic,Ebro,
,Cascajos,NA,6380,60,0.00940438871473354,UA-24424,NA,intcal20,7262,Mesolithic,Ebro,
,Cascajos,NA,6435,35,0.00543900543900544,UA-24428,NA,intcal20,7357,Neolithic,Ebro,
,Chaves,NA,6120,70,0.011437908496732,CSIC-381,NA,intcal20,6974,Neolithic,Ebro,
,Chaves,NA,6230,70,0.0112359550561798,CSIC-379,NA,intcal20,7108,Neolithic,Ebro,
,Chaves,NA,6230,45,0.007223113964687,GrA-26912,NA,intcal20,7124,Neolithic,Ebro,
,Chaves,NA,6260,100,0.0159744408945687,GrN-13603,NA,intcal20,7118,Neolithic,Ebro,
,Chaves,NA,6330,90,0.014218009478673,GrN-13602,NA,intcal20,7198,Neolithic,Ebro,
,Chaves,NA,6330,70,0.0110584518167457,GrN-13605,NA,intcal20,7210,Neolithic,Ebro,
,Chaves,NA,6335,40,0.00631412786108919,GrA-34256,NA,intcal20,7259,Neolithic,Ebro,
,Chaves,NA,6380,40,0.00626959247648903,GrA-28341,NA,intcal20,7298,Neolithic,Ebro,
,Chaves,NA,6410,40,0.0062402496099844,GrA-34257,NA,intcal20,7307,Mesolithic,Ebro,
,Chaves,NA,6460,70,0.0108359133126935,CSIC-378,NA,intcal20,7370,Mesolithic,Ebro,
,Chaves,NA,6470,25,0.00386398763523957,UCIAMS-66317,NA,intcal20,7369,Neolithic,Ebro,
,Chaves,NA,6490,40,0.0061633281972265,GrN-13604,NA,intcal20,7404,Neolithic,Ebro,
,Chaves,NA,6530,40,0.00612557427258806,GrA-34258,NA,intcal20,7424,Mesolithic,Ebro,
,Chaves,NA,6580,35,0.00531914893617021,GrA-38022,NA,intcal20,7494,Mesolithic,Ebro,
,Chaves,NA,6650,80,0.0120300751879699,GrN-12683,NA,intcal20,7528,Mesolithic,Ebro,
,Chaves,NA,6770,70,0.0103397341211226,GrN-12658,NA,intcal20,7657,Mesolithic,Ebro,
,Collet Puiggrós,NA,5345,45,0.00841908325537886,UBAR-891,NA,intcal20,6111,Neolithic,Ebro,
,Collet Puiggrós,NA,5480,45,0.00821167883211679,UBAR-892,NA,intcal20,6247,Neolithic,Ebro,
,Coro Trasito,NA,5850,35,0.00598290598290598,CNA.2520.1.1,NA,intcal20,6647,Neolithic,Ebro,
,Coro Trasito,NA,5990,40,0.00667779632721202,Beta-358571,NA,intcal20,6832,Neolithic,Ebro,
,Coro Trasito,NA,6159,40,0.00649456080532554,Beta-366546,NA,intcal20,7055,Neolithic,Ebro,
,Costalena,NA,5480,50,0.00912408759124087,GrA-13264,NA,intcal20,6224,Neolithic,Ebro,
,Costalena,NA,7053,27,0.0038281582305402,MAMS-29828,NA,intcal20,7879,Mesolithic,Ebro,
,Cova Colomera,NA,6020,50,0.00830564784053156,Beta-248523,NA,intcal20,6910,Neolithic,Ebro,
,Cova Colomera,NA,6150,40,0.00650406504065041,Beta-240551,NA,intcal20,7045,Neolithic,Ebro,
,Cova Colomera,NA,6170,30,0.00486223662884927,OxA-23634,NA,intcal20,7078,Neolithic,Ebro,
,Cova Colomera,NA,6180,40,0.00647249190938511,Beta-279478,NA,intcal20,7075,Neolithic,Ebro,
,Cova de Montanissell,NA,5680,50,0.00880281690140845,Beta-213109,NA,intcal20,6482,Neolithic,Ebro,
,Cova dSardo,NA,5000,30,0.006,K/5833/40816,NA,intcal20,5754,Neolithic,Ebro,
,Cova dSardo,NA,5060,40,0.00790513833992095,K/K3484/26248,NA,intcal20,5782,Neolithic,Ebro,
,Cova dSardo,NA,5245,40,0.00762631077216397,K/K4381/32340,NA,intcal20,6060,Neolithic,Ebro,
,Cova dSardo,NA,5635,35,0.0062111801242236,K/K5832/40815,NA,intcal20,6430,Neolithic,Ebro,
,Cova dSardo,NA,5645,25,0.00442869796279894,K/K5860/41134,NA,intcal20,6420,Neolithic,Ebro,
,Cova dSardo,NA,5695,35,0.00614574187884109,K/K5002/36935,NA,intcal20,6486,Neolithic,Ebro,
,Cova dSardo,NA,5715,35,0.00612423447069116,K/K5785/40878,NA,intcal20,6517,Neolithic,Ebro,
,Cova dSardo,NA,5850,40,0.00683760683760684,K/K5038/37690,NA,intcal20,6660,Neolithic,Ebro,
,Cova dSardo,NA,6525,45,0.00689655172413793,KIK/KIA5037/37689,NA,intcal20,7422,Mesolithic,Ebro,
,Cova dSardo,NA,6586,35,0.00531430306711206,KIK/KIA5834/40817,NA,intcal20,7500,Mesolithic,Ebro,
,Cova dVidre,NA,6181,35,0.00566251415628539,OXA-26064,NA,intcal20,7076,Neolithic,Ebro,
,Cova dVidre,NA,6189,90,0.0145419292292778,Beta-58934,NA,intcal20,7050,Neolithic,Ebro,
,Cova dVidre,NA,6248,33,0.00528169014084507,OXA-26005,NA,intcal20,7142,Neolithic,Ebro,
,Cova dVidre,NA,7290,70,0.00960219478737997,UBAR-832,NA,intcal20,8132,Mesolithic,Ebro,
,Cova Fosca,NA,5715,80,0.0139982502187227,I-9867,NA,intcal20,6550,Neolithic,Ebro,
,Cova Fosca,NA,5820,40,0.00687285223367698,Beta-148998,NA,intcal20,6618,Neolithic,Ebro,
,Cova Fosca,NA,5820,40,0.00687285223367698,Beta-18993,NA,intcal20,6618,Neolithic,Ebro,
,Cova Fosca,NA,5850,70,0.011965811965812,Beta-148996,NA,intcal20,6682,Neolithic,Ebro,
,Cova Fosca,NA,5870,80,0.0136286201022147,Beta-148997,NA,intcal20,6706,Neolithic,Ebro,
,Cova Fosca,NA,5980,70,0.0117056856187291,Beta-148994,NA,intcal20,6831,Neolithic,Ebro,
,Cova Fosca,NA,5980,70,0.0117056856187291,Beta-148999,NA,intcal20,6831,Neolithic,Ebro,
,Cova Fosca,NA,6070,80,0.0131795716639209,Beta-149005,NA,intcal20,6946,Neolithic,Ebro,
,Cova Fosca,NA,6080,80,0.0131578947368421,Beta-149000,NA,intcal20,6954,Neolithic,Ebro,
,Cova Fosca,NA,6130,60,0.00978792822185971,Beta-149007,NA,intcal20,7003,Neolithic,Ebro,
,Cova Fosca,NA,6140,90,0.0146579804560261,Beta-149001,NA,intcal20,7037,Neolithic,Ebro,
,Cova Fosca,NA,6150,70,0.0113821138211382,Beta-149004,NA,intcal20,7024,Neolithic,Ebro,
,Cova Fosca,NA,6250,80,0.0128,Beta-149006,NA,intcal20,7110,Neolithic,Ebro,
,Cova Fosca,NA,6390,40,0.00625978090766823,Beta-149009,NA,intcal20,7300,Neolithic,Ebro,
,Cova Fosca,NA,6413,33,0.00514579759862779,OXA-26074,NA,intcal20,7341,Neolithic,Ebro,
,Cova Fosca,NA,7100,70,0.00985915492957747,CSIC-356,NA,intcal20,7926,Mesolithic,Ebro,
,Cova Fosca,NA,7210,70,0.00970873786407767,CSIC-357,NA,intcal20,8058,Mesolithic,Ebro,
,Cova Gran,NA,5250,40,0.00761904761904762,Beta-233605,NA,intcal20,6064,Neolithic,Ebro,
,Cova Gran,NA,6020,50,0.00830564784053156,Beta-265982,NA,intcal20,6910,Neolithic,Ebro,
,Cueva d'Gato 2,NA,6240,50,0.00801282051282051,GrA-22525,NA,intcal20,7128,Neolithic,Ebro,
,Cueva Drólica,NA,5855,40,0.00683176771989752,GrA-33914,NA,intcal20,6668,Neolithic,Ebro,
,Cueva Lóbrega,III inferior,6220,100,0.0160771704180064,GrN-16110,bone,intcal20,7068,Neolithic,Ebro,
,Cueva Pacencia,NA,5795,45,0.00776531492666091,GrA-17666,NA,intcal20,6597,Neolithic,Ebro,
,Espantalobos,NA,7390,40,0.0054127198917456,Beta-361624,NA,intcal20,8199,Mesolithic,Ebro,
,Espantalobos,NA,7900,50,0.00632911392405063,Beta-361625,NA,intcal20,8762,Mesolithic,Ebro,
,Espluga de la Puyascada,NA,5580,70,0.0125448028673835,CSIS-382,NA,intcal20,6400,Neolithic,Ebro,
,Espluga de la Puyascada,NA,5930,60,0.0101180438448567,CSIC-384,NA,intcal20,6757,Neolithic,Ebro,
,Esplugón,NA,5970,30,0.0050251256281407,Beta-338509,NA,intcal20,6808,Neolithic,Ebro,
,Esplugón,NA,6120,40,0.0065359477124183,Beta-283899,NA,intcal20,6994,Neolithic,Ebro,
,Esplugón,NA,6730,40,0.00594353640416048,Beta-313517,NA,intcal20,7578,Mesolithic,Ebro,
,Esplugón,NA,6950,50,0.00719424460431655,Beta-306723,NA,intcal20,7786,Mesolithic,Ebro,
,Esplugón,NA,7620,40,0.005249343832021,GrA-59632,NA,intcal20,8450,Mesolithic,Ebro,
,Esplugón,NA,7715,45,0.00583279325988334,GrA-59634,NA,intcal20,8508,Mesolithic,Ebro,
,Esplugón,NA,7860,40,0.00508905852417303,Beta-306725,NA,intcal20,8728,Mesolithic,Ebro,
,Esplugón,NA,8015,45,0.00561447286338116,GrA-59633,NA,intcal20,8864,Mesolithic,Ebro,
,Esplugón,NA,8380,40,0.00477326968973747,Beta 306722,NA,intcal20,9364,Mesolithic,Ebro,
,Estany de la Coveta,NA,7845,45,0.00573613766730402,KIA-29818,NA,intcal20,8710,Mesolithic,Ebro,
,Filador,NA,8150,90,0.0110429447852761,AA-13411,NA,intcal20,9042,Mesolithic,Ebro,
,Filador,NA,8515,60,0.00704638872577804,OxA-8658,NA,intcal20,9494,Mesolithic,Ebro,
,Forcas II,NA,5240,40,0.00763358778625954,Beta-247406,NA,intcal20,6051,Neolithic,Ebro,
,Forcas II,NA,6740,40,0.00593471810089021,Beta-247405,NA,intcal20,7585,Mesolithic,Ebro,
,Forcas II,NA,6750,40,0.00592592592592593,Beta-247404,NA,intcal20,7595,Mesolithic,Ebro,
,Forcas II,NA,6900,45,0.00652173913043478,GrN-22688,NA,intcal20,7758,Mesolithic,Ebro,
,Forcas II,NA,6940,90,0.0129682997118156,Beta-60773,NA,intcal20,7771,Mesolithic,Ebro,
,Forcas II,NA,7000,40,0.00571428571428571,Beta-290932,NA,intcal20,7822,Mesolithic,Ebro,
,Forcas II,NA,7150,40,0.00559440559440559,Beta-250944,NA,intcal20,7999,Mesolithic,Ebro,
,Forcas II,NA,7240,40,0.00552486187845304,GrN-22686,NA,intcal20,8063,Mesolithic,Ebro,
,Forcas II,NA,8650,70,0.00809248554913295,Beta-59997,NA,intcal20,9788,Mesolithic,Ebro,
996,Fuente Hoz,I (16),6120,280,0.0457516339869281,I-12084,charcoal,intcal20,,Neolithic,Ebro,
994,Fuente Hoz,I-a,5240,110,0.0209923664122137,I-11588,bone,intcal20,,Neolithic,Ebro,
995,Fuente Hoz,I-b,5160,110,0.0213178294573643,I-11589,bone,intcal20,,Neolithic,Ebro,
,Fuente Hoz,III,7880,120,0.0152284263959391,I-13496,charcoal,intcal20,8810,Mesolithic,Ebro,
,Fuente Hoz,III (21),7840,130,0.0165816326530612,I-12083,charcoal,intcal20,8740,Mesolithic,Ebro,
,Fuente Hoz,III (23),7140,120,0.0168067226890756,I-12778,charcoal,intcal20,7982,Mesolithic,Ebro,
,Fuente Hoz,III (28),8120,240,0.0295566502463054,I-12985,NA,intcal20,9088,Mesolithic,Ebro,
,Huerto Raso,NA,6310,60,0.00950871632329636,GrA-21360,NA,intcal20,7190,Neolithic,Ebro,
,Husos I,NA,5810,60,0.0103270223752151,Beta-161881,NA,intcal20,6638,Neolithic,Ebro,
1243,Husos I,XV,5810,60,0.0103270223752151,Beta-161181,bone,intcal20,,Neolithic,Ebro,
,Husos I,XV,5630,60,0.0106571936056838,Beta-161179,bone,intcal20,6452,Neolithic,Ebro,
,Husos I,XV,6130,60,0.00978792822185971,Beta-161180,bone,intcal20,7003,Neolithic,Ebro,
,Husos I,XVI,6240,60,0.00961538461538462,Beta-161182,bone,intcal20,7151,Neolithic,Ebro,
1244,Husos II,IV,4910,60,0.0122199592668024,Beta-208848,bone,intcal20,,Neolithic,Ebro,
1245,Husos II,IV,4930,40,0.00811359026369168,Beta-208849,bone,intcal20,,Neolithic,Ebro,
,Husos II,IX,6040,40,0.00662251655629139,Beta-221642,bone,intcal20,6933,Neolithic,Ebro,
,Husos II,NA,5300,40,0.00754716981132076,Beta-161884,NA,intcal20,6098,Neolithic,Ebro,
,Husos II,NA,5790,40,0.00690846286701209,Beta-221641,NA,intcal20,6582,Neolithic,Ebro,
1248,Husos II,V,5300,40,0.00754716981132076,Beta-161184,bone,intcal20,,Neolithic,Ebro,
,Husos II,V,5280,40,0.00757575757575758,Beta-208850,NA,intcal20,6086,Neolithic,Ebro,
,Husos II,V,5430,60,0.0110497237569061,Beta-161185,bone,intcal20,6186,Neolithic,Ebro,
,Husos II,V,5490,40,0.00728597449908925,Beta-208851,bone,intcal20,6290,Neolithic,Ebro,
,Husos II,VI,5520,40,0.0072463768115942,Beta-208853,bone,intcal20,6318,Neolithic,Ebro,
,Husos II,VII,6050,40,0.00661157024793388,Beta-221640,bone,intcal20,6945,Neolithic,Ebro,
,Kanpanoste,Lanhi base,7920,100,0.0126262626262626,GrN-22442,bone,intcal20,8830,Mesolithic,Ebro,
,Kanpanoste,Lanhs,7620,70,0.00918635170603675,GrN-22440,bone,intcal20,8408,Mesolithic,Ebro,
,Kanpanoste,NA,8200,70,0.00853658536585366,GrN-22441,NA,intcal20,9126,Mesolithic,Ebro,
,Kanpanoste Goikoa,III,6550,260,0.0396946564885496,GrN-20289,bone,intcal20,7338,Mesolithic,Ebro,
,Kanpanoste Goikoa,III inferior,7620,80,0.010498687664042,GrN-20215,bone,intcal20,8434,Mesolithic,Ebro,
,Kanpanoste Goikoa,III lower,7860,330,0.0419847328244275,GrN-20455,bone,intcal20,8834,Mesolithic,Ebro,
,Kanpanoste Goikoa,III Superior,6360,70,0.0110062893081761,GrN-20214,bone,intcal20,7232,Neolithic,Ebro,
,Lámpara,NA,6055,34,0.00561519405450041,KIA-6789,NA,intcal20,6950,Neolithic,Ebro,
,Lámpara,NA,6125,33,0.00538775510204082,KIA-21348,NA,intcal20,7002,Neolithic,Ebro,
,Lámpara,NA,6144,46,0.00748697916666667,KIA-6790,NA,intcal20,7024,Neolithic,Ebro,
,Lámpara,NA,6280,33,0.00525477707006369,KIA-21352,NA,intcal20,7174,Neolithic,Ebro,
,Lámpara,NA,6280,50,0.00796178343949045,UtC-13346,NA,intcal20,7186,Neolithic,Ebro,
,Lámpara,NA,6390,60,0.00938967136150235,KIA-4780,NA,intcal20,7277,Neolithic,Ebro,
,Lámpara,NA,6407,34,0.00530669580146715,KIA-21347,NA,intcal20,7334,Neolithic,Ebro,
,Lámpara,NA,6421,30,0.00467216944401184,KIA-8874,NA,intcal20,7343,Neolithic,Ebro,
,Lámpara,NA,6522,44,0.00674639681079423,KIA-16567,NA,intcal20,7421,Mesolithic,Ebro,
,Lámpara,NA,6608,35,0.00529661016949153,KIA-16571,NA,intcal20,7506,Mesolithic,Ebro,
,Lámpara,NA,6610,32,0.0048411497730711,KIA-16579,NA,intcal20,7505,Mesolithic,Ebro,
,Lámpara,NA,6729,45,0.00668747213553277,KIA-16574,NA,intcal20,7572,Mesolithic,Ebro,
,Lámpara,NA,6744,33,0.0048932384341637,KIA-16575,NA,intcal20,7593,Mesolithic,Ebro,
,Lámpara,NA,6833,34,0.00497585248060881,KIA-16566,NA,intcal20,7684,Mesolithic,Ebro,
,Lámpara,NA,6871,33,0.00480279435307815,KIA-21350,NA,intcal20,7714,Mesolithic,Ebro,
,Lámpara,NA,6915,33,0.00477223427331887,KIA-16577,NA,intcal20,7758,Mesolithic,Ebro,
,Lámpara,NA,6920,50,0.00722543352601156,KIA-16569,NA,intcal20,7766,Mesolithic,Ebro,
,Lámpara,NA,6956,39,0.00560667050028752,KIA-16570,NA,intcal20,7802,Mesolithic,Ebro,
,Lámpara,NA,6975,32,0.00458781362007168,KIA-16578,NA,intcal20,7808,Mesolithic,Ebro,
,Lámpara,NA,6989,48,0.00686793532694234,KIA-16580,NA,intcal20,7818,Mesolithic,Ebro,
,Lámpara,NA,7000,32,0.00457142857142857,KIA-16568,NA,intcal20,7821,Mesolithic,Ebro,
,Lámpara,NA,7075,44,0.00621908127208481,KIA-16581,NA,intcal20,7864,Mesolithic,Ebro,
,Lámpara,NA,7108,34,0.00478334271243669,KIA-16573,NA,intcal20,7910,Mesolithic,Ebro,
,Lámpara,NA,7136,33,0.00462443946188341,KIA-16576,NA,intcal20,7942,Mesolithic,Ebro,
,Larrenke N,NA,5180,100,0.0193050193050193,NA,NA,intcal20,5946,Neolithic,Ebro,
,Larrenke N,NA,5210,100,0.0191938579654511,NA,NA,intcal20,5956,Neolithic,Ebro,
,Legunova,NA,8800,40,0.00454545454545455,GrA-24294,NA,intcal20,9864,Mesolithic,Ebro,
,Martinarri,NA,7350,30,0.00408163265306122,Beta-410010,NA,intcal20,8173,Mesolithic,Ebro,
,Martinarri,NA,8455,45,0.00532229450029568,GrA-46014,NA,intcal20,9417,Mesolithic,Ebro,
,Mas Cremat,NA,6020,50,0.00830564784053156,Beta-232340,NA,intcal20,6910,Neolithic,Ebro,
,Mas Cremat,NA,6780,50,0.00737463126843658,Beta-232342,NA,intcal20,7640,Mesolithic,Ebro,
,Mas Cremat,NA,6800,50,0.00735294117647059,Beta-232341,NA,intcal20,7664,Mesolithic,Ebro,
,Mas Nou,NA,6760,40,0.00591715976331361,Beta-170713,NA,intcal20,7608,Mesolithic,Ebro,
,Mas Nou,NA,6800,70,0.0102941176470588,Beta-136676,NA,intcal20,7676,Mesolithic,Ebro,
,Mas Nou,NA,6900,70,0.0101449275362319,Beta-136677,NA,intcal20,7752,Mesolithic,Ebro,
,Mas Nou,NA,6910,40,0.00578871201157742,Beta-170714,NA,intcal20,7763,Mesolithic,Ebro,
,Mas Nou,NA,6920,40,0.00578034682080925,Beta-170715,NA,intcal20,7772,Mesolithic,Ebro,
,Mas Nou,NA,7010,40,0.00570613409415121,Beta 170714,NA,intcal20,7826,Mesolithic,Ebro,
,Mendandia,IV,7780,60,0.0077120822622108,GrN-22745,NA,intcal20,8682,Mesolithic,Ebro,
,Mendandia,IV,7810,50,0.00640204865556978,GrN-22744,NA,intcal20,8696,Mesolithic,Ebro,
,Mendandia,NA,6440,40,0.0062111801242236,GrN-22740,NA,intcal20,7364,Neolithic,Ebro,
,Mendandia,NA,6540,70,0.0107033639143731,GrN-22741,NA,intcal20,7446,Mesolithic,Ebro,
,Mendandia,NA,7180,45,0.00626740947075209,GrN-22742,NA,intcal20,8010,Mesolithic,Ebro,
,Mendandia,NA,7210,80,0.0110957004160888,GrN-19658,NA,intcal20,8038,Mesolithic,Ebro,
,Mendandia,NA,7265,70,0.00963523743977977,UA-34366,NA,intcal20,8104,Mesolithic,Ebro,
,Mendandia,NA,7620,50,0.00656167979002625,GrN-22743,NA,intcal20,8410,Mesolithic,Ebro,
,Mendandia,NA,8500,60,0.00705882352941176,GrA-6874,NA,intcal20,9484,Mesolithic,Ebro,
,Mirador,NA,5090,40,0.00785854616895874,Beta-220912,NA,intcal20,5822,Neolithic,Ebro,
,Mirador,NA,5360,50,0.00932835820895522,Beta-181087,NA,intcal20,6116,Neolithic,Ebro,
,Mirador,NA,5470,40,0.00731261425959781,Beta-208131,NA,intcal20,6248,Neolithic,Ebro,
,Mirador,NA,5480,40,0.0072992700729927,Beta-220913,NA,intcal20,6267,Neolithic,Ebro,
,Mirador,NA,5700,70,0.012280701754386,Beta-181088,NA,intcal20,6530,Neolithic,Ebro,
,Mirador,NA,6100,50,0.00819672131147541,Beta-197384,NA,intcal20,6992,Neolithic,Ebro,
,Mirador,NA,6110,40,0.00654664484451719,Beta-220914,NA,intcal20,6980,Neolithic,Ebro,
,Mirador,NA,6120,40,0.0065359477124183,Beta-208132,NA,intcal20,6994,Neolithic,Ebro,
,Mirador,NA,6130,50,0.00815660685154976,Beta-182040,NA,intcal20,7014,Neolithic,Ebro,
,Mirador,NA,6150,40,0.00650406504065041,Beta-208133,NA,intcal20,7045,Neolithic,Ebro,
,Mirador,NA,6320,50,0.00791139240506329,Beta-208134,NA,intcal20,7213,Neolithic,Ebro,
,Mirador,NA,6380,40,0.00626959247648903,Beta-197385,NA,intcal20,7298,Neolithic,Ebro,
,Mirador,NA,7060,40,0.0056657223796034,Beta-197386,NA,intcal20,7858,Mesolithic,Ebro,
,Orcillas,NA,8610,50,0.00580720092915215,Beta-252434,NA,intcal20,9676,Mesolithic,Ebro,
,Paco Pons,NA,6010,45,0.00748752079866889,Gra-19294,NA,intcal20,6874,Neolithic,Ebro,
,Paco Pons,NA,6045,45,0.00744416873449132,Gra-19295,NA,intcal20,6918,Neolithic,Ebro,
,Padre Areso,NA,5380,100,0.0185873605947955,GrN-14599,NA,intcal20,6122,Neolithic,Ebro,
,Padre Areso,NA,5400,100,0.0185185185185185,GrN-14599,NA,intcal20,6161,Neolithic,Ebro,
,Parco,NA,5970,60,0.0100502512562814,CSIC403,NA,intcal20,6848,Neolithic,Ebro,
,Parco,NA,6120,90,0.0147058823529412,GrN-20058,NA,intcal20,7010,Neolithic,Ebro,
,Parco,NA,6170,70,0.0113452188006483,CSIC-281,NA,intcal20,7037,Neolithic,Ebro,
,Paternanbidea,NA,5960,40,0.00671140939597315,GrA-13675,NA,intcal20,6808,Neolithic,Ebro,
,Paternanbidea,NA,6090,40,0.00656814449917898,GrA-13673,NA,intcal20,6960,Neolithic,Ebro,
,Peña 14,NA,7660,90,0.0117493472584856,GrN-25094,NA,intcal20,8563,Mesolithic,Ebro,
,Peña 14,NA,8000,90,0.01125,GrN-25998,NA,intcal20,8880,Mesolithic,Ebro,
,Peña de Marañón,d,7890,120,0.0152091254752852,BM-2363,NA,intcal20,8818,Mesolithic,Ebro,
1419,Peña Larga,IV,5830,110,0.0188679245283019,I-14909,bone,intcal20,,Neolithic,Ebro,
1420,Peña Larga,IV,6150,230,0.0373983739837398,I-15150,bone,intcal20,,Neolithic,Ebro,
1422,Peña Larga,IV,5010,40,0.00798403193612774,PL*1,n.d,intcal20,,Neolithic,Ebro,
1423,Peña Larga,IV,4890,50,0.0102249488752556,Beta-242781,bone,intcal20,,Neolithic,Ebro,
,Peña Larga,IV,5720,49,0.00856643356643357,Beta-242782,bone,intcal20,6520,Neolithic,Ebro,
,Peña Larga,IV,6720,40,0.00595238095238095,Beta-242783,bone,intcal20,7564,Mesolithic,Ebro,
,Plano dPulido,NA,5040,40,0.00793650793650794,Beta-258559,NA,intcal20,5766,Neolithic,Ebro,
,Pontet,NA,5644,42,0.00744153082919915,D-AMS 020207,NA,intcal20,6464,Neolithic,Ebro,
,Pontet,NA,6369,41,0.00643743130789763,D-AMS 020209,NA,intcal20,7296,Neolithic,Ebro,
,Pontet,NA,6370,70,0.010989010989011,GrN-14241,NA,intcal20,7250,Neolithic,Ebro,
,Pontet,NA,6963,32,0.00459572023553066,D-AMS 020208,NA,intcal20,7805,Mesolithic,Ebro,
,Pontet,NA,7340,70,0.00953678474114441,GrN-16313,NA,intcal20,8167,Mesolithic,Ebro,
,Pontet,NA,7341,32,0.00435907914453072,D-AMS 020210,NA,intcal20,8169,Mesolithic,Ebro,
,Pontet,NA,7941,65,0.00818536708223146,D-AMS 020211,NA,intcal20,8792,Mesolithic,Ebro,
,Portalón,NA,5230,40,0.00764818355640535,Beta-184842,NA,intcal20,6026,Neolithic,Ebro,
,Portalón,NA,6100,50,0.00819672131147541,Beta-222339,NA,intcal20,6992,Neolithic,Ebro,
,Portalón,NA,6270,40,0.00637958532695375,Beta-222340,NA,intcal20,7164,Neolithic,Ebro,
,Prado,NA,5640,40,0.00709219858156028,Beta-312351,NA,intcal20,6462,Neolithic,Ebro,
,Prado,NA,5880,30,0.00510204081632653,Beta-366569,NA,intcal20,6694,Neolithic,Ebro,
,Prado,NA,6050,40,0.00661157024793388,Beta-312352,NA,intcal20,6945,Neolithic,Ebro,
,Rambla Legunova,NA,5175,40,0.00772946859903382,GrA-52086,NA,intcal20,5952,Neolithic,Ebro,
,Rambla Legunova,NA,5440,35,0.00643382352941176,GrA-51860,NA,intcal20,6208,Neolithic,Ebro,
,Rambla Legunova,NA,5670,60,0.0105820105820106,GrA-52691,NA,intcal20,6499,Neolithic,Ebro,
,Rambla Legunova,NA,6295,40,0.00635424940428912,GrA-51971,NA,intcal20,7210,Neolithic,Ebro,
,Rambla Legunova,NA,7225,40,0.0055363321799308,GrA-64001,NA,intcal20,8058,Mesolithic,Ebro,
,Rambla Legunova,NA,7235,45,0.00621976503109883,GrA-47886,NA,intcal20,8058,Mesolithic,Ebro,
,Rambla Legunova,NA,7260,45,0.00619834710743802,GrA-61768,NA,intcal20,8088,Mesolithic,Ebro,
,Rambla Legunova,NA,8200,50,0.00609756097560976,GrA-24292,NA,intcal20,9212,Mesolithic,Ebro,
,Rambla Legunova,NA,8250,60,0.00727272727272727,GrA-22086,NA,intcal20,9241,Mesolithic,Ebro,
,Revilla,NA,5642,96,0.0170152428216944,KIA-13943,NA,intcal20,6426,Neolithic,Ebro,
,Revilla,NA,6120,60,0.00980392156862745,UtC-13348,NA,intcal20,6999,Neolithic,Ebro,
,Revilla,NA,6156,33,0.00536062378167641,KIA-21353,NA,intcal20,7066,Neolithic,Ebro,
,Revilla,NA,6158,31,0.00503410198116272,KIA-21349,NA,intcal20,7058,Neolithic,Ebro,
,Revilla,NA,6177,31,0.00501861745183746,KIA-21354,NA,intcal20,7090,Neolithic,Ebro,
,Revilla,NA,6202,31,0.00499838761689778,KIA-21346,NA,intcal20,7102,Neolithic,Ebro,
,Revilla,NA,6210,60,0.00966183574879227,UtC-13350,NA,intcal20,7092,Neolithic,Ebro,
,Revilla,NA,6230,30,0.00481540930979133,KIA-21355,NA,intcal20,7123,Neolithic,Ebro,
,Revilla,NA,6240,50,0.00801282051282051,UtC-13294,NA,intcal20,7128,Neolithic,Ebro,
,Revilla,NA,6245,34,0.00544435548438751,KIA-21359,NA,intcal20,7138,Neolithic,Ebro,
,Revilla,NA,6250,50,0.008,UtC-13295,NA,intcal20,7166,Neolithic,Ebro,
,Revilla,NA,6250,50,0.008,UtC-13296,NA,intcal20,7166,Neolithic,Ebro,
,Revilla,NA,6271,31,0.0049433902088981,KIA-21357,NA,intcal20,7169,Neolithic,Ebro,
,Revilla,NA,6289,31,0.00492924153283511,KIA-21351,NA,intcal20,7187,Neolithic,Ebro,
,Revilla,NA,6313,48,0.00760335814984952,UtC-13347,NA,intcal20,7212,Neolithic,Ebro,
,Revilla,NA,6355,30,0.00472069236821401,KIA-21356,NA,intcal20,7294,Neolithic,Ebro,
,Revilla,NA,6365,36,0.00565593087195601,KIA-21358,NA,intcal20,7296,Neolithic,Ebro,
,Revilla,NA,6385,35,0.00548159749412686,KIA-13932,NA,intcal20,7300,Neolithic,Ebro,
,Revilla,NA,6405,36,0.00562060889929742,KIA-13937,NA,intcal20,7314,Neolithic,Ebro,
,Revilla,NA,6415,36,0.00561184723304754,KIA-13942,NA,intcal20,7338,Neolithic,Ebro,
,Revilla,NA,6446,39,0.00605026372944462,KIA-13945,NA,intcal20,7367,Neolithic,Ebro,
,Revilla,NA,6449,37,0.00573732361606451,KIA-13948,NA,intcal20,7367,Neolithic,Ebro,
,Revilla,NA,6468,40,0.00618429189857761,KIA-13933,NA,intcal20,7386,Neolithic,Ebro,
,Revilla,NA,6499,42,0.00646253269733805,KIA-13938,NA,intcal20,7415,Neolithic,Ebro,
,Revilla,NA,6568,37,0.00563337393422655,KIA-13940,NA,intcal20,7460,Mesolithic,Ebro,
,Revilla,NA,6691,48,0.00717381557315797,KIA-13946,NA,intcal20,7557,Mesolithic,Ebro,
,Revilla,NA,6755,57,0.00843819393042191,KIA-13939,NA,intcal20,7620,Mesolithic,Ebro,
,Revilla,NA,6772,47,0.00694034258712345,KIA-13934,NA,intcal20,7634,Mesolithic,Ebro,
,Revilla,NA,6809,37,0.00543398443236892,KIA-13947,NA,intcal20,7678,Mesolithic,Ebro,
,Revilla,NA,6983,45,0.00644422168122583,KIA-13935,NA,intcal20,7816,Mesolithic,Ebro,
,Revilla,NA,7014,37,0.00527516395779869,KIA-13944,NA,intcal20,7826,Mesolithic,Ebro,
,Revilla,NA,7165,37,0.00516399162595953,KIA-13941,NA,intcal20,8006,Mesolithic,Ebro,
,Riols,NA,6040,100,0.0165562913907285,GrN-13976,NA,intcal20,6894,Neolithic,Ebro,
,Samitiel,NA,5130,20,0.00389863547758285,GrN-26150,NA,intcal20,5864,Neolithic,Ebro,
,San Cristóbal,NA,5100,30,0.00588235294117647,Beta-307800,NA,intcal20,5836,Neolithic,Ebro,
,San Cristóbal,NA,5320,30,0.0056390977443609,Beta-337632,NA,intcal20,6104,Neolithic,Ebro,
,San Cristóbal,NA,5410,30,0.0055452865064695,Beta-373276,NA,intcal20,6160,Neolithic,Ebro,
,San Cristóbal,NA,5460,30,0.00549450549450549,Beta-373277,NA,intcal20,6272,Neolithic,Ebro,
,San Cristóbal,NA,5490,30,0.00546448087431694,Beta-373275,NA,intcal20,6296,Neolithic,Ebro,
,San Cristóbal,NA,5500,30,0.00545454545454546,Beta-373631,NA,intcal20,6298,Neolithic,Ebro,
,Socuevas,NA,7590,45,0.00592885375494071,GrA-46015,NA,intcal20,8374,Mesolithic,Ebro,
,Torrazas,NA,5570,60,0.0107719928186715,GrN-18320,NA,intcal20,6408,Neolithic,Ebro,
,Trocs,NA,5005,27,0.0053946053946054,Mams-14856,NA,intcal20,5755,Neolithic,Ebro,
,Trocs,NA,5008,27,0.00539137380191693,Mams-16160,NA,intcal20,5756,Neolithic,Ebro,
,Trocs,NA,5035,23,0.00456802383316783,Mams-16165,NA,intcal20,5782,Neolithic,Ebro,
,Trocs,NA,5580,40,0.00716845878136201,Beta-319513,NA,intcal20,6380,Neolithic,Ebro,
,Trocs,NA,5590,40,0.00715563506261181,Beta-316511,NA,intcal20,6391,Neolithic,Ebro,
,Trocs,NA,6050,40,0.00661157024793388,Beta-316514,NA,intcal20,6945,Neolithic,Ebro,
,Trocs,NA,6060,40,0.0066006600660066,Beta-295782,NA,intcal20,6948,Neolithic,Ebro,
,Trocs,NA,6070,40,0.00658978583196046,Beta-284150,NA,intcal20,6952,Neolithic,Ebro,
,Trocs,NA,6080,40,0.00657894736842105,Beta-326512,NA,intcal20,6954,Neolithic,Ebro,
,Trocs,NA,6217,25,0.00402123210551713,Mams-16161,NA,intcal20,7121,Neolithic,Ebro,
,Trocs,NA,6218,24,0.00385976198134448,Mams-16162,NA,intcal20,7124,Neolithic,Ebro,
,Trocs,NA,6234,28,0.00449149823548284,Mams-16166,NA,intcal20,7130,Neolithic,Ebro,
,Trocs,NA,6249,25,0.00400064010241639,Mams-16164,NA,intcal20,7144,Neolithic,Ebro,
,Trocs,NA,6249,20,0.00320051208193311,Mams-16168,NA,intcal20,7158,Neolithic,Ebro,
,Trocs,NA,6280,25,0.00398089171974522,Mams-16159,NA,intcal20,7224,Neolithic,Ebro,
,Trocs,NA,6285,25,0.00397772474144789,Mams-16163,NA,intcal20,7234,Neolithic,Ebro,
,Valcervera,NA,6815,45,0.0066030814380044,GrA-27876,NA,intcal20,7684,Mesolithic,Ebro,
,Valcervera,NA,6995,40,0.00571837026447462,GrA-45783,NA,intcal20,7820,Mesolithic,Ebro,
,Valcervera,NA,7035,45,0.00639658848614072,GrA-45763,NA,intcal20,7845,Mesolithic,Ebro,
,Valmayor XI,NA,6090,30,0.00492610837438424,Beta-341167,NA,intcal20,6976,Neolithic,Ebro,
,Valmayor XI,NA,6570,30,0.0045662100456621,Beta-341168,NA,intcal20,7495,Mesolithic,Ebro,
,Zatoya,Ib,8150,170,0.0208588957055215,Ly-1398,bone,intcal20,9030,Mesolithic,Ebro,
,Zatoya,Ib,8250,550,0.0666666666666667,Ly-1457,bone,intcal20,9394,Mesolithic,Ebro,
,A Braña-Arintero (Léon),burial,6980,50,0.00716332378223496,Beta-226472,charcoal,intcal20,,Mesolithic,Galicia,2 burials with grave goods
1,A Gándara,EC 1,5356,49,0.00914861837191934,CSI-C-1263,charcoal,intcal20,,Neolithic,Galicia,
2,A Gándara,EC 2,5412,42,0.00776053215077605,CSI-C-1264,charcoal,intcal20,,Neolithic,Galicia,
73,Alto de Barreira,NA,6030,30,0.00497512437810945,CSI-C-1039,charcoal,intcal20,,Neolithic,Galicia,
76,Anta de Serramo,NA,6050,110,0.0181818181818182,Cams88195,pigment,intcal20,,Neolithic,Galicia,
274,Campurras,Base cabaña,5140,80,0.0155642023346304,Beta-220080,charcoal,intcal20,,Neolithic,Galicia,
275,Campurras,Base cabaña,4890,100,0.0204498977505112,Beta-220081,charcoal,intcal20,,Neolithic,Galicia,
276,Campurras,Paleosuelo,5160,60,0.0116279069767442,Beta-220082,seed,intcal20,,Neolithic,Galicia,
,Chan do Lindeiro,burial ?,7995,70,0.00875547217010632,Ua-13398,charcoal,intcal20,,Mesolithic,Galicia,"burial (?), charcoal sample from rock fall"
,Chan do Lindeiro,burial ?,8236,51,0.00619232637202525,Ua-38115,charcoal,intcal20,,Mesolithic,Galicia,"burial (?), charcoal sample from rock fall"
834,Devesa do Rei,Horizonte B,5190,55,0.010597302504817,UA-20011,charcoal,intcal20,,Neolithic,Galicia,
,Fiales,NA,6590,70,0.0106221547799697,NA,charcoal,intcal20,,Mesolithic,Galicia,possibly Neolithic?
1343,Monte dos Remedios,Estructura de combustión,5385,50,0.00928505106778087,UA-33141,charcoal,intcal20,,Neolithic,Galicia,
1344,Monte dos Remedios,Estructura de combustión,5285,50,0.00946073793755913,UA-33142,charcoal,intcal20,,Neolithic,Galicia,
1345,Monte dos Remedios,Silo con molinos,5780,40,0.0069204152249135,UA-32670,organic material,intcal20,,Neolithic,Galicia,
1346,Monte dos Remedios,Zanja perimetral,5000,40,0.008,UA-32666,organic material,intcal20,,Neolithic,Galicia,
1347,Monte dos Remedios,Zanja perimetral,5015,40,0.00797607178464606,UA-32667,organic material,intcal20,,Neolithic,Galicia,
1348,Monte dos Remedios,Zanja perimetral,4725,40,0.00846560846560847,UA-32669,charcoal,intcal20,,Neolithic,Galicia,
,O Rei Cintolo,camerín,7735,60,0.00775694893341952,Lyon-2731 (OxA),charcoal,intcal20,,Mesolithic,Galicia,mostly aceramic Neolithic
1357,O Reiro,NA,6590,70,0.0106221547799697,CSI-C-508,charcoal,intcal20,,Mesolithic,Galicia,
,O Reiro,NA,7554,89,0.0117818374371194,CSIC-508,NA,intcal20,,Mesolithic,Galicia,aceramic open coastal site
1468,Porto dos Valos,NA,5572,32,0.00574300071787509,CSI-C-1112,bone,intcal20,,Neolithic,Galicia,
,Valdavara 1/2,C,8890,60,0.00674915635545557,Beta-259199,charcoal,intcal20,,Mesolithic,Galicia,
,Valdavara 1/2,C,8920,50,0.00560538116591928,Beta-257850,charcoal,intcal20,,Mesolithic,Galicia,
,Xestido III,hearth,7310,160,0.0218878248974008,GrN-16839,charcoal,intcal20,,Mesolithic,Galicia,
82,Arenaza,I-C1,4965,195,0.0392749244712991,I-8630,charcoal,intcal20,,Neolithic,País Vasco,
83,Arenaza,I-C2,5755,65,0.0112945264986968,OxA-7156,bone,intcal20,,Neolithic,País Vasco,
84,Arenaza,I-C2,6040,75,0.0124172185430464,OxA-7157,bone,intcal20,,Neolithic,País Vasco,
1863,Arenaza,NA,9600,180,0.01875,CSI-C-173,n.d,intcal20,,Mesolithic,País Vasco,
777,Cueva de Santimamiñe,17G  / S2 (nivel III),5450,50,0.0091743119266055,Beta-240898,charcoal,intcal20,,Neolithic,País Vasco,
778,Cueva de Santimamiñe,17G  / S6 (nivel III),5010,40,0.00798403193612774,Beta-240897,charcoal,intcal20,,Neolithic,País Vasco,
779,Cueva de Santimamiñe,IV,7580,50,0.00659630606860158,Beta-240899,charcoal,intcal20,,Mesolithic,País Vasco,
847,Ekain,II,4960,60,0.0120967741935484,UA-36855,human bone,intcal20,,Neolithic,País Vasco,
848,Ekain,Nivel 2,6897,35,0.00507467014644048,UA-38966,n.d,intcal20,,Neolithic,País Vasco,
1819,Ekain,Nivel II,9540,210,0.0220125786163522,I-i1666,n.d,intcal20,,Mesolithic,País Vasco,
1820,Ekain,Nivel Ivbs,9460,185,0.0195560253699789,I-9239,n.d,intcal20,,Mesolithic,País Vasco,
1007,Herriko Barra,B,5810,170,0.0292598967297762,HB*1,organic material,intcal20,,Neolithic,País Vasco,
1004,Herriko Barra,C,6010,90,0.0149750415973378,UA-4820,bone,intcal20,,Mesolithic,País Vasco,
1005,Herriko Barra,C,5710,110,0.0192644483362522,HB*2,charcoal,intcal20,,Mesolithic,País Vasco,
1010,Herriko Barra,C,5960,95,0.0159395973154362,UA-4821,bone,intcal20,,Mesolithic,País Vasco,
1008,Herriko Barra,D,5730,110,0.0191972076788831,I-15350,charcoal,intcal20,,Mesolithic,País Vasco,
1009,Herriko Barra,D,5800,110,0.0189655172413793,I-15351,organic material,intcal20,,Mesolithic,País Vasco,
1006,Herriko Barra,Nivel esteril,4920,100,0.0203252032520325,I-15249,charcoal,intcal20,,Neolithic,País Vasco,
,Jaizkib3,D inferior,8300,50,0.00602409638554217,GrA-23733,human bone,intcal20,9258,Mesolithic,País Vasco,
1027,Jaizkib3,D superior,7770,50,0.00643500643500644,GrA-25774,charcoal,intcal20,,Mesolithic,País Vasco,
,Jaizkib3,F,7780,130,0.0167095115681234,GrN-28008,shell,marine20,8266,Mesolithic,País Vasco,
,Jaizkib3,F,8190,100,0.0122100122100122,GrN-27984,charcoal,intcal20,9066,Mesolithic,País Vasco,
1734,Jaizkib3,G superior,8470,50,0.00590318772136954,GrN-25776,charcoal,intcal20,,Mesolithic,País Vasco,
1733,Jaizkib4,G,8470,100,0.0118063754427391,GrN-28387,charcoal,intcal20,,Mesolithic,País Vasco,
1039,Kobaederra,II,5460,60,0.010989010989011,Beta-126686,charcoal,intcal20,,Neolithic,País Vasco,
1040,Kobaederra,II,4965,70,0.014098690835851,K*1,charcoal,intcal20,,Neolithic,País Vasco,
1036,Kobaederra,III,5820,240,0.0412371134020619,UBAR-471,charcoal,intcal20,,Neolithic,País Vasco,
1037,Kobaederra,IV,5375,90,0.0167441860465116,AA-29110,seed,intcal20,,Neolithic,País Vasco,
1038,Kobaederra,IV,5630,100,0.0177619893428064,UBAR-470,charcoal,intcal20,,Neolithic,País Vasco,
,Kobeaga II,Amek-h,7790,70,0.00898587933247754,UA-4286,bone,intcal20,8686,Mesolithic,País Vasco,
1041,Kobeaga II,NA,6945,65,0.00935925125989921,UA-4286,bone,intcal20,,Mesolithic,País Vasco,
,Linatzeta,child burial,7315,35,0.00478468899521531,KIA-33193,human bone,intcal20,8154,Mesolithic,País Vasco,
,Linatzeta,child burial,8110,50,0.0061652281134402,KIA-33193,human bone,intcal20,9007,Mesolithic,País Vasco,
,Linatzeta,hearth 1,6110,30,0.00490998363338789,KIA-30181,charcoal,intcal20,6996,Mesolithic,País Vasco,
691,Linatzeta,hearth 2,6810,30,0.00440528634361234,KIA-34976,charcoal,intcal20,,Mesolithic,País Vasco,
,Linatzeta,hearth 4D/5D,7650,30,0.00392156862745098,KIA-34976,charcoal,intcal20,8461,Mesolithic,País Vasco,
1267,Lumentxa,Lecho 10. Niv. II-III,5095,75,0.014720314033366,UA-12663,charcoal,intcal20,,Neolithic,País Vasco,
1268,Lumentxa,Lecho 9. Niv. II-III,5180,70,0.0135135135135135,UA-12662,charcoal,intcal20,,Neolithic,País Vasco,
1266,Lumentxa,NA,6122,38,0.00620712185560274,OxA-18236,human bone,intcal20,,Neolithic,País Vasco,
1276,Marizulo,Enterramiento,5315,100,0.0188146754468485,UA-4818,human bone,intcal20,,Neolithic,País Vasco,
1277,Marizulo,Enterramiento,5285,65,0.0122989593188269,GrN-5992,bone,intcal20,,Neolithic,País Vasco,
,Marizulo,I-base,6425,85,0.0132295719844358,UA-10272,NA,intcal20,7286,Mesolithic,País Vasco,
1278,Marizulo,II superior,6035,100,0.0165700082850041,UA-4819,bone,intcal20,,Mesolithic,País Vasco,
1280,Marizulo,Nivel I,5235,75,0.0143266475644699,UA-10375,bone,intcal20,,Neolithic,País Vasco,
,Pareko Landa,I-smk,6650,130,0.0195488721804511,GrN-22429,charcoal,intcal20,7554,Mesolithic,País Vasco,
,Pareko Landa,I-smk,7510,100,0.0133155792276964,GrN-24782,charcoal,intcal20,8300,Mesolithic,País Vasco,
1429,Pico Ramos,IV,6850,75,0.0109489051094891,Beta-191083,bone,intcal20,,Mesolithic,País Vasco,
1431,Pico Ramos,IV,4790,110,0.022964509394572,I-16798,bone,intcal20,,Neolithic,País Vasco,
1432,Pico Ramos,IV,5370,40,0.0074487895716946,Beta-181689,seed,intcal20,,Neolithic,País Vasco,
1433,Pico Ramos,IV,6040,90,0.0149006622516556,Beta-193569,shell,marine20,,Mesolithic,País Vasco,
,Pico Ramos,IV,5860,65,0.0110921501706485,UA-3051,bone,intcal20,6680,Mesolithic,País Vasco,
,Pico Ramos,IV,6040,90,0.0149006622516556,NA,NA,intcal20,6884,Mesolithic,País Vasco,
,Pico Ramos,IV,6840,75,0.0109649122807018,NA,NA,intcal20,7700,Mesolithic,País Vasco,
,Urratxa,nivel fertíl,6940,75,0.010806916426513,UA-11434,bone,intcal20,7790,Mesolithic,País Vasco,
,Urratxa,nivel fertíl,6955,80,0.0115025161754134,UA-11435,bone,intcal20,7796,Mesolithic,País Vasco,
